Age,Credit amount,Duration,Sex_female,Sex_male,Housing_free,Housing_own,Housing_rent,Purpose_business,Purpose_car,Purpose_domestic appliances,Purpose_education,Purpose_furniture/equipment,Purpose_radio/TV,Purpose_repairs,Purpose_vacation/others,Savings_Acc,Checking_Acc,Job_Skill,Bad_Risk
-1.0944471097438953,0.9131705020752257,2.139355775813744,True,False,False,True,False,False,False,False,False,False,True,False,False,0,1,2,1
0.8585748878163321,1.573037310654367,1.6578969635806013,False,True,True,False,False,False,False,False,False,True,False,False,False,0,0,2,0
1.5378868869677156,0.5437681094941528,0.21352052688117332,False,True,True,False,False,False,True,False,False,False,False,False,False,0,0,2,1
0.009434888877102816,1.2538681758988424,1.1764381513474587,False,True,False,False,True,False,True,False,False,False,False,False,False,0,1,3,0
-0.5849631103803576,0.6681552241097962,0.694979339114316,False,True,False,True,False,False,True,False,False,False,False,False,False,0,1,3,1
-0.8397051100621264,-0.677891051909488,-0.749397097585112,True,False,False,False,True,False,True,False,False,False,False,False,False,0,1,2,1
-0.9246191099560495,0.351719872093077,2.139355775813744,True,False,False,False,True,True,False,False,False,False,False,False,False,0,0,2,1
-1.0944471097438953,-0.584942438790106,-0.749397097585112,True,False,False,True,False,False,False,False,False,False,True,False,False,0,1,2,0
2.132284886225176,-0.7106964447751521,0.21352052688117332,False,True,False,True,False,False,True,False,False,False,False,False,False,0,0,1,1
-0.5849631103803576,-0.6409849849356157,-0.5086676914685406,True,False,False,False,True,False,True,False,False,False,False,False,False,0,0,2,0
-0.24530711080466597,-0.6823334488600467,0.21352052688117332,True,False,False,True,False,False,False,False,False,False,True,False,False,1,0,1,1
0.7736608879224092,3.178109501175458,0.21352052688117332,True,False,True,False,False,False,True,False,False,False,False,False,False,0,1,3,1
0.7736608879224092,-0.2158817690513838,-1.2308559098182548,False,True,False,False,True,False,False,False,False,False,True,False,False,2,0,2,0
1.113316887498101,-0.3546212430457553,-0.9098833683294929,False,True,False,False,True,False,True,False,False,False,False,False,False,0,0,1,0
0.7736608879224092,-0.5039541251529975,-0.749397097585112,False,True,False,True,False,False,True,False,False,False,False,False,False,1,1,2,0
0.09434888877102575,-0.6508949473637851,-1.2308559098182548,False,True,False,True,False,False,False,False,False,True,False,False,False,0,0,1,0
0.6038328881345634,-0.9806574902321804,-0.749397097585112,True,False,False,False,True,False,False,False,False,False,True,False,False,3,2,2,0
-0.07547911101682012,-0.29516146847673896,-1.1506127744460641,False,True,False,True,False,False,False,False,False,False,True,False,False,0,1,2,0
2.387026885906945,1.2155952175555675,3.1022734002800294,False,True,False,True,False,True,False,False,False,False,False,False,False,0,0,2,1
0.09434888877102575,-0.46670633533677464,-0.26793828535196934,False,True,False,True,False,True,False,False,False,False,False,False,False,3,1,2,0
-0.6698771102742807,0.2533036934960844,0.21352052688117332,False,True,False,True,False,False,False,False,False,True,False,False,False,0,0,2,0
-0.41513511059251185,0.8841240604754188,-0.26793828535196934,False,True,False,True,False,False,True,False,False,False,False,False,False,1,1,2,0
-0.16039311091074304,-0.6167226631287183,-0.749397097585112,True,False,False,True,False,False,False,False,False,True,False,False,False,0,2,3,0
-0.8397051100621264,0.5013944770426698,1.8986263696971726,False,True,False,True,False,False,False,False,False,False,True,False,False,0,1,1,1
0.17926288866494866,-0.4028041638171996,-0.26793828535196934,False,True,False,True,False,False,False,False,False,False,True,False,False,0,2,2,1
0.17926288866494866,-0.7018116508740347,-0.9098833683294929,False,True,False,True,False,False,False,True,False,False,False,False,False,0,2,2,0
-0.9246191099560495,-0.9639130709569976,-0.9901265037016833,False,True,False,True,False,False,False,False,False,False,True,False,False,0,1,2,0
-0.7547911101682035,-0.7247070813115295,-0.749397097585112,False,True,False,True,False,False,False,False,False,False,True,False,False,2,1,2,0
0.7736608879224092,0.9996263811899448,-0.26793828535196934,False,True,False,True,False,False,False,False,False,False,False,True,False,0,1,1,0
-0.9246191099560495,0.9938170928699835,0.694979339114316,False,True,False,False,True,False,True,False,False,False,False,False,False,1,0,2,0
1.9624568864373302,0.978781287806554,2.139355775813744,True,False,True,False,False,False,True,False,False,False,False,False,False,0,0,1,1
-1.0095331098499722,-0.6584128498954999,-1.2308559098182548,True,False,False,False,True,False,True,False,False,False,False,False,False,2,0,0,0
-0.41513511059251185,0.917954621868135,0.45424993299774463,False,True,False,True,False,False,True,False,False,False,False,False,False,0,1,3,0
1.8775428865434072,-0.360088808523366,1.1764381513474587,False,True,True,False,False,False,True,False,False,False,False,False,False,0,1,2,1
-1.0095331098499722,-0.45030363890394254,-0.26793828535196934,True,False,False,True,False,False,True,False,False,False,False,False,False,0,2,3,0
-1.0095331098499722,1.0081694522487117,1.1764381513474587,True,False,False,False,True,False,False,False,False,True,False,False,False,0,0,1,1
-0.6698771102742807,-0.6450856590438238,-0.9901265037016833,False,True,False,True,False,True,False,False,False,False,False,False,False,0,1,2,0
2.2171988861190988,-0.4530374216427479,1.1764381513474587,False,True,True,False,False,True,False,False,False,False,False,False,False,0,1,3,1
-0.8397051100621264,3.80756297678539,2.139355775813744,False,True,False,True,False,True,False,False,False,False,False,False,False,0,1,2,1
-1.0944471097438953,-0.7763072305064805,-0.749397097585112,False,True,False,True,False,False,True,False,False,False,False,False,False,3,1,2,0
1.3680588871798698,-0.7226567442574255,-1.0703696390738737,False,True,True,False,False,False,False,False,False,False,False,False,True,0,0,3,0
0.5189188882406404,0.9141956706022777,1.6578969635806013,True,False,False,True,False,True,False,False,False,False,False,False,False,0,1,1,0
2.641768885588714,-0.5989530753264835,-0.749397097585112,False,True,True,False,False,False,True,False,False,False,False,False,False,0,0,3,0
-0.07547911101682012,0.23450893716679758,1.6578969635806013,False,True,False,True,False,False,False,False,False,False,True,False,False,0,0,2,1
1.3680588871798698,0.5099375481014365,-0.8296402329573025,False,True,False,True,False,False,False,False,False,False,True,False,False,0,1,2,0
-1.0944471097438953,0.18905979913415866,0.694979339114316,False,True,False,True,False,False,False,False,False,True,False,False,False,0,1,2,0
1.9624568864373302,-0.5206985444281803,0.21352052688117332,True,False,False,True,False,False,False,False,False,False,False,False,True,0,0,1,0
1.4529728870737926,-0.3293337527118058,-0.9098833683294929,False,True,False,True,False,False,False,False,False,False,True,False,False,0,0,1,0
-0.6698771102742807,-0.677891051909488,-0.26793828535196934,True,False,False,True,False,False,False,False,False,True,False,False,False,0,1,2,0
1.028402887604178,3.18938635497303,1.1764381513474587,False,True,True,False,False,False,False,False,True,False,False,False,False,1,1,2,1
-0.41513511059251185,-0.35188746030694995,-0.26793828535196934,False,True,False,True,False,False,True,False,False,False,False,False,False,1,0,3,0
-0.5849631103803576,-0.741793223429063,-0.749397097585112,False,True,False,True,False,False,False,False,False,False,False,True,False,0,0,2,1
1.6228008868616384,-0.6389346478815117,-0.749397097585112,False,True,False,True,False,False,True,False,False,False,False,False,False,0,0,2,0
1.6228008868616384,-0.6700314265354226,-0.749397097585112,False,True,False,True,False,False,True,False,False,False,False,False,False,3,1,2,0
1.9624568864373302,4.328348588527809,2.6208145880468865,False,True,False,False,True,True,False,False,False,False,False,False,False,0,1,2,1
-0.07547911101682012,-0.22442484011015051,-0.26793828535196934,False,True,False,True,False,True,False,False,False,False,False,False,False,1,1,2,0
0.09434888877102575,-0.3218158501800911,1.1764381513474587,False,True,False,True,False,False,False,False,False,False,True,False,False,0,1,2,0
-0.9246191099560495,-0.32659996997300045,1.1764381513474587,False,True,False,False,True,False,False,False,False,False,True,False,False,0,1,2,0
0.009434888877102816,-0.4646559982826706,-0.9901265037016833,False,True,False,False,True,False,False,False,False,True,False,False,False,0,1,2,0
0.3490908884527945,2.9590651592286794,0.21352052688117332,False,True,False,True,False,False,False,False,False,False,False,False,True,0,1,3,1
-0.24530711080466597,0.9565693030537606,-0.749397097585112,False,True,False,True,False,False,True,False,False,False,False,False,False,0,1,2,0
0.009434888877102816,-0.638592925039161,-0.5889108268407311,False,True,False,True,False,True,False,False,False,False,False,False,False,2,1,2,0
-0.3302211106985889,-0.625265734187485,-1.2308559098182548,False,True,False,True,False,True,False,False,False,False,False,False,False,1,1,2,0
-1.0095331098499722,-0.9864667785521418,-0.5086676914685406,True,False,False,False,True,False,False,False,True,False,False,False,False,0,2,2,0
-0.5849631103803576,1.0187628603615824,-0.26793828535196934,False,True,False,False,True,False,True,False,False,False,False,False,False,0,1,1,0
0.009434888877102816,-0.5463277576044805,-0.749397097585112,False,True,False,True,False,False,False,False,False,False,True,False,False,2,0,2,0
-1.0095331098499722,0.3424933553496089,0.9357087452308873,True,False,False,True,False,False,False,False,False,True,False,False,False,2,0,2,1
0.09434888877102575,-0.31190588775192174,-0.749397097585112,False,True,False,True,False,False,True,False,False,False,False,False,False,2,1,3,0
-0.8397051100621264,-0.4933607170401268,-0.027208879235398015,True,False,False,True,False,False,False,False,False,False,True,False,False,0,0,2,1
2.387026885906945,-0.8535365928777316,-0.9098833683294929,False,True,True,False,False,False,True,False,False,False,False,False,False,0,2,2,0
-0.41513511059251185,-0.39562798412783556,-0.749397097585112,False,True,False,True,False,False,True,False,False,False,False,False,False,0,0,2,0
0.43400488834671747,-0.8808744202657851,-0.749397097585112,False,True,False,True,False,False,False,False,False,False,True,False,False,0,0,1,0
-0.41513511059251185,-0.9020612364915266,-0.749397097585112,False,True,False,True,False,False,False,False,False,False,False,True,False,0,1,2,1
-0.07547911101682012,-0.48481764598136007,-0.749397097585112,False,True,False,True,False,False,True,False,False,False,False,False,False,0,1,3,0
-0.5000491104864347,0.07526609263138596,-0.749397097585112,True,False,False,True,False,False,True,False,False,False,False,False,False,0,0,2,1
-0.5000491104864347,1.2330230825154516,1.1764381513474587,False,True,False,True,False,False,False,False,True,False,False,False,False,0,0,2,1
2.641768885588714,-0.8586624355129917,-0.749397097585112,False,True,False,True,False,False,False,False,False,False,True,False,False,2,1,1,1
0.7736608879224092,-0.47764146629199605,-0.749397097585112,True,False,False,False,True,False,False,False,False,False,True,False,False,0,2,1,0
-0.6698771102742807,-0.8781406375269798,-1.2308559098182548,False,True,False,True,False,False,True,False,False,False,False,False,False,3,2,0,0
-0.41513511059251185,0.5181388963178526,1.1764381513474587,True,False,False,True,False,False,False,False,False,False,True,False,False,0,1,3,0
-0.6698771102742807,0.04690309671628046,0.45424993299774463,False,True,False,True,False,False,False,False,False,False,True,False,False,0,0,3,0
-1.0944471097438953,-0.2791004948862575,-0.26793828535196934,False,True,False,True,False,False,False,False,False,True,False,False,False,0,0,2,1
-0.41513511059251185,0.09816152306888076,2.139355775813744,False,True,False,True,False,True,False,False,False,False,False,False,False,1,1,2,0
0.3490908884527945,-0.8265404883320289,-1.2308559098182548,True,False,False,True,False,False,True,False,False,False,False,False,False,0,0,2,0
-0.5849631103803576,0.7149712535118379,1.1764381513474587,False,True,False,True,False,False,False,False,False,True,False,False,False,0,0,2,0
-0.9246191099560495,0.8779730493131068,1.1764381513474587,False,True,False,True,False,False,False,False,False,False,True,False,False,0,2,2,0
-0.5000491104864347,1.530663678202884,0.21352052688117332,True,False,False,False,True,False,True,False,False,False,False,False,False,3,1,2,0
0.09434888877102575,1.2603609099035051,0.21352052688117332,False,True,False,False,True,True,False,False,False,False,False,False,False,1,1,3,0
-1.264275109531741,-0.6823334488600467,-0.749397097585112,True,False,False,False,True,False,False,False,False,True,False,False,False,0,0,2,1
1.113316887498101,-0.6802831118059426,-0.9901265037016833,False,True,False,True,False,False,False,False,False,False,False,True,False,1,0,2,0
0.8585748878163321,-1.0045780891967273,-0.749397097585112,False,True,False,True,False,False,False,False,True,False,False,False,False,0,0,1,0
0.2641768885588716,0.07970848958194465,0.21352052688117332,False,True,False,True,False,False,True,False,False,False,False,False,False,1,1,2,0
2.9814248851644054,1.376888399145083,-0.9098833683294929,False,True,True,False,False,False,True,False,False,False,False,False,False,0,1,3,0
-0.16039311091074304,-0.7339335980549976,-0.26793828535196934,True,False,False,True,False,False,False,False,False,True,False,False,False,0,0,2,1
-1.264275109531741,-0.5815252103665993,-0.8296402329573025,True,False,False,True,False,False,False,False,False,True,False,False,False,3,1,2,0
-0.3302211106985889,-0.45918843280505994,0.21352052688117332,False,True,False,True,False,True,False,False,False,False,False,False,False,0,1,2,1
-0.16039311091074304,-0.7957854325204686,-0.5086676914685406,False,True,False,False,True,False,True,False,False,False,False,False,False,0,0,2,1
-0.07547911101682012,-0.41510618614182365,0.21352052688117332,True,False,False,True,False,False,False,False,False,True,False,False,False,0,1,3,1
-0.16039311091074304,-0.6372260336697584,-1.0703696390738737,False,True,False,True,False,False,False,False,False,False,True,False,False,0,1,2,0
-0.7547911101682035,0.046219651031579115,-0.027208879235398015,False,True,False,True,False,False,False,False,True,False,False,False,False,0,0,2,1
0.6038328881345634,-0.2398023680159306,-0.749397097585112,False,True,False,True,False,False,False,False,False,True,False,False,False,0,0,2,0
1.4529728870737926,-1.0049198120390779,-1.2308559098182548,False,True,False,True,False,False,False,False,False,False,True,False,False,2,0,2,0
2.556854885694791,-0.9252983897713721,-0.027208879235398015,False,True,False,True,False,False,True,False,False,False,False,False,False,0,0,2,0
-0.41513511059251185,0.40195312991862525,1.1764381513474587,False,True,False,True,False,True,False,False,False,False,False,False,False,0,1,3,1
0.09434888877102575,-0.8183391401156128,-0.26793828535196934,False,True,False,True,False,False,True,False,False,False,False,False,False,0,1,2,1
3.321080884740097,0.632274325662976,-0.9901265037016833,True,False,True,False,False,False,True,False,False,False,False,False,False,0,1,3,1
2.8115968853765594,-0.7188977929915682,-0.4284245560963502,False,True,True,False,False,False,True,False,False,False,False,False,False,0,1,0,0
-1.264275109531741,-0.8901009370092532,-0.749397097585112,False,True,False,True,False,False,False,False,False,False,True,False,False,1,0,2,1
-0.16039311091074304,-0.011873232168034566,-0.26793828535196934,True,False,False,True,False,False,False,False,False,True,False,False,False,0,1,2,0
-0.07547911101682012,0.19316047324236668,2.139355775813744,False,True,True,False,False,True,False,False,False,False,False,False,False,1,1,1,1
0.09434888877102575,0.21742279504926415,0.45424993299774463,False,True,False,True,False,True,False,False,False,False,False,False,False,0,1,2,1
-1.1793611096378183,-0.084660197588727,1.8986263696971726,False,True,False,False,True,False,False,False,False,False,True,False,False,1,1,2,1
-0.07547911101682012,-0.6074961463852502,-0.9901265037016833,True,False,False,True,False,False,False,False,True,False,False,False,False,0,1,3,1
-0.6698771102742807,-0.795443709678118,-0.749397097585112,True,False,False,False,True,False,False,False,False,True,False,False,False,1,1,2,1
0.43400488834671747,0.34796092082721963,-0.26793828535196934,False,True,False,True,False,False,False,False,False,True,False,False,False,0,1,3,1
-0.6698771102742807,-0.7212898528880228,-0.749397097585112,False,True,False,True,False,False,True,False,False,False,False,False,False,0,0,1,0
-1.1793611096378183,-0.8121881289533007,-0.749397097585112,False,True,False,False,True,False,False,False,True,False,False,False,False,0,0,2,1
0.2641768885588716,2.5096996215375498,0.694979339114316,False,True,True,False,False,False,True,False,False,False,False,False,False,0,0,3,0
-0.7547911101682035,-0.6338088052462516,-0.749397097585112,False,True,False,True,False,False,False,True,False,False,False,False,False,0,1,2,0
-1.1793611096378183,1.1240134958055883,0.21352052688117332,False,True,False,True,False,True,False,False,False,False,False,False,False,0,0,1,0
1.2831448872859468,0.6883168718084857,0.45424993299774463,False,True,False,True,False,True,False,False,False,False,False,False,False,0,0,2,1
2.641768885588714,-0.46841494954852797,0.694979339114316,False,True,False,True,False,True,False,False,False,False,False,False,False,0,2,3,1
-0.3302211106985889,-0.059714430097128186,-0.26793828535196934,False,True,False,True,False,True,False,False,False,False,False,False,False,0,0,2,0
-1.0095331098499722,0.21673934936456282,1.1764381513474587,False,True,False,True,False,False,False,False,False,False,True,False,False,0,2,2,0
-0.9246191099560495,-0.0880774260122337,0.21352052688117332,False,True,False,False,True,False,False,False,False,True,False,False,False,0,0,1,0
-0.7547911101682035,-0.906845356284436,-0.749397097585112,False,True,False,True,False,False,False,False,False,False,True,False,False,0,1,1,0
-0.6698771102742807,2.625201942252076,2.139355775813744,False,True,False,True,False,False,False,False,False,False,True,False,False,3,1,2,1
1.5378868869677156,1.5672280223344055,-0.749397097585112,False,True,True,False,False,False,False,False,False,True,False,False,False,0,0,3,1
-1.0944471097438953,-0.044336902191348095,0.21352052688117332,False,True,True,False,False,False,False,False,False,True,False,False,False,0,0,2,0
-0.7547911101682035,0.31823103354271143,1.1764381513474587,False,True,False,True,False,False,False,False,False,False,True,False,False,0,2,2,1
-0.8397051100621264,-0.8244901512779248,-0.26793828535196934,False,True,False,True,False,False,False,False,False,False,True,False,False,0,1,1,0
-0.41513511059251185,-0.4974613911483348,0.21352052688117332,False,True,False,True,False,False,False,False,False,False,True,False,False,0,0,3,1
2.2171988861190988,-0.17487502796930354,-0.027208879235398015,False,True,False,False,True,True,False,False,False,False,False,False,False,1,1,1,1
0.3490908884527945,-0.25859712434521737,0.694979339114316,False,True,False,True,False,False,False,False,False,False,True,False,False,0,0,2,0
-0.9246191099560495,0.45321155627122556,2.139355775813744,False,True,True,False,False,False,True,False,False,False,False,False,False,0,0,2,1
-0.7547911101682035,-0.4626056612285666,0.21352052688117332,False,True,False,True,False,False,False,False,False,True,False,False,False,0,2,2,0
0.3490908884527945,-0.8928347197480586,-1.2308559098182548,True,False,False,True,False,False,True,False,False,False,False,False,False,3,0,1,0
0.9434888877102551,-0.3512040146222486,-0.749397097585112,True,False,False,True,False,False,False,False,False,True,False,False,False,0,2,1,0
-0.9246191099560495,-0.3857180216996662,0.694979339114316,True,False,False,True,False,False,True,False,False,False,False,False,False,0,1,2,1
-0.5000491104864347,-0.3860597445420168,-0.749397097585112,False,True,True,False,False,False,False,False,False,False,True,False,False,0,0,2,1
-0.6698771102742807,-0.5541873829785459,-0.749397097585112,False,True,False,True,False,False,False,False,False,True,False,False,False,0,0,2,0
1.7077148867555614,-0.5726404164654819,0.21352052688117332,True,False,False,True,False,False,False,False,False,False,True,False,False,0,0,2,0
0.09434888877102575,0.6913923773896417,-0.26793828535196934,False,True,True,False,False,False,True,False,False,False,False,False,False,0,0,3,0
0.17926288866494866,-0.8463604131883676,-0.5086676914685406,False,True,False,True,False,False,False,False,False,False,True,False,False,0,1,2,1
0.8585748878163321,1.9475655458706997,-0.5889108268407311,False,True,False,True,False,False,True,False,False,False,False,False,False,0,0,3,1
-0.5849631103803576,-0.07475023516055761,2.139355775813744,False,True,False,True,False,False,False,False,False,False,True,False,False,0,1,2,1
-0.07547911101682012,2.979568529769719,0.694979339114316,False,True,False,True,False,False,False,False,False,False,False,True,False,0,0,1,1
0.17926288866494866,0.2047790498822894,0.21352052688117332,False,True,False,True,False,False,True,False,False,False,False,False,False,1,1,2,0
0.009434888877102816,2.543530182930266,2.0591126404415534,True,False,False,True,False,False,True,False,False,False,False,False,False,0,0,1,0
-0.7547911101682035,0.515746836421398,2.139355775813744,False,True,False,True,False,False,True,False,False,False,False,False,False,0,0,2,0
-0.3302211106985889,1.4705204579491662,2.139355775813744,False,True,True,False,False,False,False,False,False,False,False,False,True,1,1,3,0
1.1982308873920238,-0.7472607889066737,-0.749397097585112,True,False,False,True,False,False,False,False,False,False,True,False,False,0,1,2,0
1.113316887498101,-0.7704979421865191,0.21352052688117332,False,True,False,True,False,False,False,False,False,False,True,False,False,0,0,2,1
-0.5849631103803576,2.0910891396579805,1.1764381513474587,False,True,False,False,True,False,True,False,False,False,False,False,False,0,1,3,1
0.7736608879224092,1.0730967922953387,0.21352052688117332,True,False,True,False,False,False,True,False,False,False,False,False,False,0,0,3,0
1.7926288866494844,0.5184806191602033,1.6578969635806013,False,True,True,False,False,False,True,False,False,False,False,False,False,0,2,2,0
-0.7547911101682035,2.2831373770590564,2.139355775813744,True,False,False,True,False,False,False,False,False,True,False,False,False,0,1,2,1
-0.24530711080466597,-0.18239293050101826,-0.027208879235398015,False,True,False,True,False,False,False,False,False,True,False,False,False,3,1,2,0
0.6038328881345634,0.17949155954833992,1.1764381513474587,True,False,False,True,False,False,False,False,False,False,True,False,False,0,1,2,1
1.1982308873920238,-0.7657138223936097,-0.9098833683294929,False,True,False,True,False,False,True,False,False,False,False,False,False,0,0,2,0
-0.16039311091074304,-0.8719896263646678,-0.749397097585112,False,True,False,True,False,False,False,False,False,False,True,False,False,1,0,1,1
-0.9246191099560495,-0.6977109767658267,-1.0703696390738737,True,False,False,True,False,False,False,False,False,True,False,False,False,0,1,2,1
-1.0944471097438953,-1.0261066282648195,-0.9901265037016833,False,True,False,False,True,False,True,False,False,False,False,False,False,0,1,1,0
-0.7547911101682035,0.16069680321905314,0.21352052688117332,True,False,False,True,False,False,False,False,False,True,False,False,False,0,2,2,0
-0.8397051100621264,-0.8863419857433958,-0.749397097585112,False,True,False,True,False,False,True,False,False,False,False,False,False,0,1,1,1
-0.3302211106985889,-0.18205120765866759,1.1764381513474587,False,True,False,True,False,False,False,False,False,True,False,False,False,0,0,2,1
0.2641768885588716,-0.8784823603693305,-0.749397097585112,False,True,False,True,False,False,False,False,False,True,False,False,False,0,0,1,0
-0.6698771102742807,0.12447418192988226,-0.5086676914685406,True,False,False,True,False,False,False,False,False,True,False,False,False,0,0,1,0
-0.5849631103803576,0.33155822439438754,0.694979339114316,False,True,False,True,False,False,True,False,False,False,False,False,False,0,1,3,1
-0.24530711080466597,-0.4581632642780079,0.21352052688117332,False,True,False,True,False,False,False,False,False,False,True,False,False,0,0,2,1
-0.07547911101682012,-0.12600866151315793,0.21352052688117332,False,True,True,False,False,False,True,False,False,False,False,False,False,0,0,3,0
-0.5849631103803576,-0.21178109494317576,-0.26793828535196934,False,True,False,True,False,False,False,False,False,True,False,False,False,3,0,2,0
0.3490908884527945,0.04075208555396842,-1.0703696390738737,False,True,False,True,False,False,True,False,False,False,False,False,False,0,0,1,0
-0.3302211106985889,0.4081041410809373,1.1764381513474587,False,True,False,True,False,False,False,False,False,False,True,False,False,0,2,2,0
-0.5849631103803576,-0.7554621371230897,-1.2308559098182548,False,True,False,True,False,False,False,False,False,False,True,False,False,0,1,2,0
3.40599488463402,1.1400744693960698,0.21352052688117332,False,True,True,False,False,False,True,False,False,False,False,False,False,0,0,3,0
-0.9246191099560495,1.4110606833801498,3.1022734002800294,True,False,False,True,False,False,True,False,False,False,False,False,False,1,1,3,1
-1.0095331098499722,0.2840587493076446,0.21352052688117332,False,True,False,False,True,False,False,False,False,True,False,False,False,0,0,2,1
0.7736608879224092,0.035967965761059054,-1.2308559098182548,False,True,False,False,True,False,False,False,False,True,False,False,False,0,0,3,1
-1.0095331098499722,-0.4024624409748489,-0.6691539622129216,True,False,False,True,False,False,False,False,False,False,True,False,False,0,1,1,0
-0.5849631103803576,0.304220397006334,0.21352052688117332,False,True,False,True,False,False,False,False,False,True,False,False,False,0,0,2,0
-0.3302211106985889,-0.6006616895382368,-0.9098833683294929,False,True,False,True,False,False,False,False,False,True,False,False,False,0,1,1,0
-0.9246191099560495,0.8420921508662866,0.21352052688117332,True,False,True,False,False,False,False,False,True,False,False,False,False,0,1,2,0
-0.7547911101682035,0.10943837686645283,-0.027208879235398015,True,False,False,False,True,False,False,False,False,True,False,False,False,0,0,1,0
-0.8397051100621264,-0.0224666402809053,-0.26793828535196934,False,True,False,False,True,False,False,False,False,False,True,False,False,2,1,2,0
-0.16039311091074304,0.39648556444101457,-0.26793828535196934,False,True,False,True,False,True,False,False,False,False,False,False,False,0,1,3,0
0.17926288866494866,0.2290413716891869,-0.9098833683294929,False,True,False,True,False,False,True,False,False,False,False,False,False,0,2,1,0
-1.0095331098499722,-0.8190225858003141,-0.6691539622129216,False,True,False,True,False,False,False,False,False,False,True,False,False,0,1,2,0
-1.0095331098499722,0.16377230880020915,0.21352052688117332,True,False,False,False,True,False,False,False,False,False,True,False,False,2,1,0,0
-0.24530711080466597,-0.7322249838432443,-0.9901265037016833,False,True,True,False,False,False,False,False,True,False,False,False,False,3,1,2,1
-0.5000491104864347,-0.7927099269393126,-0.9901265037016833,True,False,False,True,False,False,False,False,False,True,False,False,False,0,1,2,1
-0.5849631103803576,0.9979177669781916,-0.749397097585112,False,True,False,False,True,False,False,False,False,False,True,False,False,0,0,2,1
-1.0095331098499722,-0.6946354711846707,0.21352052688117332,False,True,False,True,False,False,True,False,False,False,False,False,False,0,1,1,1
-1.0095331098499722,-0.29823697405789495,0.694979339114316,True,False,False,False,True,False,False,False,False,True,False,False,False,0,0,2,1
0.09434888877102575,-0.3525709059916513,-0.749397097585112,True,False,False,True,False,False,True,False,False,False,False,False,False,0,2,2,0
-0.8397051100621264,-0.27534154362040014,-0.26793828535196934,False,True,False,True,False,False,False,False,False,True,False,False,False,0,0,0,1
-1.0944471097438953,0.12686624182633693,-0.26793828535196934,True,False,False,False,True,False,False,False,False,True,False,False,False,0,0,2,0
0.6038328881345634,0.05715478198680052,1.1764381513474587,False,True,False,True,False,False,False,False,False,True,False,False,False,0,0,2,1
0.43400488834671747,-0.09491188285924707,-0.26793828535196934,True,False,False,False,True,False,False,False,False,True,False,False,False,0,1,2,0
2.132284886225176,3.9309249228739813,3.1022734002800294,True,False,True,False,False,False,False,False,False,False,False,False,True,1,1,3,1
0.17926288866494866,1.505717910711285,2.139355775813744,True,False,False,False,True,True,False,False,False,False,False,False,False,0,0,2,1
1.8775428865434072,3.7723655240232707,1.1764381513474587,False,True,True,False,False,False,True,False,False,False,False,False,False,0,1,3,1
0.2641768885588716,3.3137734695886736,-0.26793828535196934,True,False,True,False,False,False,True,False,False,False,False,False,False,0,1,3,1
-0.7547911101682035,-0.6659307524272146,-0.749397097585112,False,True,False,True,False,False,True,False,False,False,False,False,False,0,2,2,0
0.43400488834671747,1.3994421067402274,-0.26793828535196934,False,True,False,True,False,False,False,False,False,True,False,False,False,0,1,3,0
-0.6698771102742807,-0.32557480144594847,-0.5086676914685406,False,True,False,True,False,True,False,False,False,False,False,False,False,2,1,2,0
-1.349189109425664,-0.7845085787228966,-0.749397097585112,True,False,False,False,True,False,False,False,False,True,False,False,False,3,1,1,0
0.3490908884527945,-0.010164617956281223,1.1764381513474587,False,True,True,False,False,False,True,False,False,False,False,False,False,0,0,3,0
-0.3302211106985889,-0.45167053027334525,-1.2308559098182548,True,False,False,True,False,False,False,False,False,False,True,False,False,0,0,2,0
-0.24530711080466597,2.8982384932902603,1.41716755746403,False,True,False,False,True,False,False,False,True,False,False,False,False,1,1,2,0
1.7077148867555614,-0.23946064517357996,-0.749397097585112,True,False,True,False,False,False,False,False,False,True,False,False,False,0,0,3,0
0.9434888877102551,-0.3180568989142338,1.1764381513474587,False,True,False,True,False,False,False,False,False,True,False,False,False,0,0,2,0
0.9434888877102551,-0.7024950965587361,-0.749397097585112,False,True,False,False,True,False,True,False,False,False,False,False,False,0,1,2,1
-1.0944471097438953,-0.4236492572005904,0.21352052688117332,False,True,False,True,False,False,False,False,False,False,True,False,False,0,1,2,1
-0.6698771102742807,-0.7605879797583498,-0.5086676914685406,False,True,False,True,False,False,False,False,False,False,True,False,False,0,0,2,0
-0.5849631103803576,-0.799544383786326,-0.749397097585112,False,True,False,True,False,False,True,False,False,False,False,False,False,2,2,2,1
-1.264275109531741,-0.4482533018498385,0.21352052688117332,True,False,False,True,False,False,False,False,False,False,True,False,False,0,1,2,0
-0.16039311091074304,-0.23911892233122928,-0.749397097585112,False,True,False,True,False,False,True,False,False,False,False,False,False,0,0,1,1
1.028402887604178,-0.7930516497816633,-0.749397097585112,False,True,False,True,False,False,True,False,False,False,False,False,False,0,1,1,0
-1.1793611096378183,-0.17077435386109552,-0.26793828535196934,False,True,False,False,True,False,True,False,False,False,False,False,False,0,1,2,0
1.7077148867555614,-0.7137719503563081,-0.26793828535196934,True,False,True,False,False,False,False,False,False,False,False,True,False,0,0,0,1
-0.5000491104864347,2.7506142253947714,0.21352052688117332,False,True,False,True,False,False,False,False,False,False,False,False,True,0,1,3,1
0.09434888877102575,-0.48071697187315204,-1.2308559098182548,False,True,True,False,False,False,False,False,False,True,False,False,False,0,0,3,0
-0.8397051100621264,-0.3905021414925755,-0.9901265037016833,False,True,False,True,False,False,False,False,False,True,False,False,False,0,0,2,0
2.556854885694791,0.03938519418456574,1.6578969635806013,False,True,False,True,False,False,False,False,False,False,False,True,False,0,0,0,0
-0.7547911101682035,-0.9123129217620467,-0.749397097585112,True,False,False,True,False,True,False,False,False,False,False,False,False,0,2,0,1
-0.41513511059251185,-0.5668311281455206,-0.749397097585112,True,False,False,True,False,False,False,False,False,True,False,False,False,0,0,2,0
-0.5000491104864347,-0.22203278021369582,-0.10745201460758846,False,True,False,True,False,False,False,False,False,False,False,False,True,0,1,2,0
-0.41513511059251185,0.6209974718654039,2.139355775813744,True,False,False,True,False,False,False,False,False,True,False,False,False,0,1,3,1
-0.07547911101682012,-0.4909686571436721,1.1764381513474587,True,False,False,True,False,False,True,False,False,False,False,False,False,0,0,2,1
0.009434888877102816,-0.24014409085828128,-1.1506127744460641,False,True,False,True,False,False,False,False,False,False,True,False,False,0,1,2,0
2.2171988861190988,-0.6037371951193928,-0.5086676914685406,False,True,False,True,False,False,False,False,False,False,False,True,False,3,1,2,1
-0.3302211106985889,0.5256567988495674,0.21352052688117332,False,True,False,True,False,False,True,False,False,False,False,False,False,0,0,2,1
0.09434888877102575,0.21400556662575745,-0.8296402329573025,False,True,False,False,True,False,True,False,False,False,False,False,False,0,0,2,0
0.009434888877102816,0.036651411445760396,-0.749397097585112,False,True,True,False,False,False,True,False,False,False,False,False,False,0,0,2,1
-0.6698771102742807,-1.0032111978273246,-1.2308559098182548,True,False,False,True,False,False,False,True,False,False,False,False,False,0,0,2,0
0.17926288866494866,0.11661455655581687,1.1764381513474587,False,True,False,True,False,False,False,False,False,True,False,False,False,0,0,2,0
0.09434888877102575,-0.532317121068103,-0.5086676914685406,False,True,False,True,False,False,True,False,False,False,False,False,False,0,0,2,0
-0.07547911101682012,-0.08944431738163637,-0.749397097585112,True,False,False,False,True,False,False,False,False,True,False,False,False,0,1,3,0
2.387026885906945,-0.12122454172024856,0.21352052688117332,False,True,False,True,False,False,True,False,False,False,False,False,False,0,0,2,0
-0.5000491104864347,-0.5535039372938445,0.21352052688117332,True,False,False,False,True,False,False,False,False,False,True,False,False,0,0,1,1
-1.0944471097438953,-0.06381510420533622,0.21352052688117332,False,True,False,False,True,False,False,False,False,False,True,False,False,1,1,2,1
-1.0095331098499722,-0.9673302993805043,-1.2308559098182548,True,False,False,True,False,False,False,False,True,False,False,False,False,0,0,2,1
-0.5849631103803576,-0.8969353938562666,-0.9901265037016833,False,True,False,True,False,False,True,False,False,False,False,False,False,0,0,1,1
-0.16039311091074304,-0.6949771940270214,-0.26793828535196934,False,True,False,True,False,False,False,False,False,False,True,False,False,0,1,2,1
-0.7547911101682035,-0.056297201673621504,-0.26793828535196934,True,False,False,False,True,False,False,False,False,True,False,False,False,0,0,2,1
-0.8397051100621264,0.6401339510370414,0.21352052688117332,False,True,False,True,False,False,False,False,False,False,True,False,False,0,2,2,0
0.3490908884527945,-0.7660555452359604,-0.749397097585112,False,True,False,True,False,True,False,False,False,False,False,False,False,1,1,1,0
0.7736608879224092,-0.6153557717593156,-0.5086676914685406,False,True,False,True,False,False,False,False,False,True,False,False,False,0,0,2,0
-1.0095331098499722,0.10055358296533545,-0.749397097585112,True,False,False,True,False,False,False,False,False,False,True,False,False,0,1,1,0
-0.7547911101682035,-0.7100129990904508,0.21352052688117332,False,True,False,True,False,False,True,False,False,False,False,False,False,0,1,2,0
1.8775428865434072,0.11729800224051821,0.694979339114316,True,False,False,False,True,False,False,False,False,True,False,False,False,3,0,2,0
1.028402887604178,-0.7072792163516455,-1.2308559098182548,False,True,False,True,False,False,True,False,False,False,False,False,False,0,1,3,1
0.6038328881345634,1.7220284699192585,0.45424993299774463,True,False,True,False,False,True,False,False,False,False,False,False,False,0,1,3,1
0.3490908884527945,-0.3952862612854849,-0.749397097585112,False,True,False,False,True,False,True,False,False,False,False,False,False,0,0,1,0
-0.5000491104864347,1.9667020250423373,1.1764381513474587,False,True,False,False,True,False,False,False,False,True,False,False,False,1,1,3,1
-0.24530711080466597,-0.6758407148553839,-0.26793828535196934,False,True,False,True,False,False,False,False,False,False,True,False,False,0,1,1,0
-0.5849631103803576,-0.6683228123236692,-1.2308559098182548,False,True,False,True,False,False,True,False,False,False,False,False,False,1,2,2,0
-0.6698771102742807,-0.053221696092465486,0.21352052688117332,True,False,False,True,False,False,True,False,False,False,False,False,False,0,0,2,1
0.6038328881345634,0.7566614402786194,1.1764381513474587,False,True,True,False,False,False,True,False,False,False,False,False,False,0,0,2,0
1.1982308873920238,-0.735642212266751,-0.9901265037016833,False,True,False,True,False,False,False,False,False,False,True,False,False,1,2,2,0
0.2641768885588716,-0.7048871564551907,0.21352052688117332,False,True,False,True,False,False,False,False,False,False,True,False,False,1,1,2,1
-0.9246191099560495,-0.7079626620363467,0.21352052688117332,True,False,False,False,True,False,True,False,False,False,False,False,False,0,0,2,1
0.09434888877102575,-0.31395622480602575,-0.5086676914685406,False,True,False,True,False,False,True,False,False,False,False,False,False,2,2,2,0
-0.07547911101682012,1.2203793373484768,-0.5086676914685406,False,True,False,True,False,False,True,False,False,False,False,False,False,1,1,3,1
-0.7547911101682035,-0.8610544954094463,-0.749397097585112,False,True,False,True,False,False,True,False,False,False,False,False,False,0,0,2,1
-0.7547911101682035,-0.20221285535735706,-0.5086676914685406,False,True,False,False,True,True,False,False,False,False,False,False,False,0,2,2,0
-1.264275109531741,-0.9205142699784628,-0.749397097585112,False,True,False,False,True,False,False,False,False,False,True,False,False,0,1,2,0
0.17926288866494866,-0.9123129217620467,-1.2308559098182548,True,False,False,True,False,False,True,False,False,False,False,False,False,0,0,2,0
0.43400488834671747,-0.6553373443143438,-1.2308559098182548,False,True,False,True,False,False,True,False,False,False,False,False,False,0,0,1,0
0.6887468880284863,-0.7093295534057494,-1.2308559098182548,False,True,False,True,False,False,True,False,False,False,False,False,False,1,0,2,0
-0.9246191099560495,-0.030326265654970676,-0.26793828535196934,True,False,False,True,False,False,False,False,False,False,True,False,False,0,0,2,1
1.5378868869677156,1.3123027819408069,2.139355775813744,False,True,True,False,False,False,False,False,False,True,False,False,False,0,0,2,1
-0.7547911101682035,-0.7400846092173097,-0.26793828535196934,True,False,False,True,False,False,False,False,False,False,True,False,False,0,1,1,0
-0.41513511059251185,1.601742029411823,0.3740067976255542,False,True,False,True,False,False,True,False,False,False,False,False,False,0,1,2,0
-0.3302211106985889,-0.3337761496623645,1.1764381513474587,False,True,False,False,True,False,False,False,False,False,True,False,False,0,0,2,1
0.5189188882406404,-0.8942016111174612,-1.2308559098182548,False,True,False,True,False,False,True,False,False,False,False,False,False,0,0,1,0
-0.24530711080466597,-0.3436861120905339,1.1764381513474587,False,True,False,True,False,False,False,False,True,False,False,False,False,0,1,2,0
-0.5849631103803576,-0.2213493345289945,-0.5086676914685406,True,False,False,False,True,False,True,False,False,False,False,False,False,1,1,2,1
-0.16039311091074304,-0.32796686134240316,-0.027208879235398015,False,True,False,False,True,False,False,False,True,False,False,False,False,0,2,2,1
0.17926288866494866,0.11388077381701153,-0.26793828535196934,True,False,False,True,False,False,False,False,False,True,False,False,False,0,1,2,0
0.6038328881345634,1.5323722924146372,2.139355775813744,False,True,True,False,False,False,True,False,False,False,False,False,False,0,0,3,1
0.8585748878163321,-0.07850918642641497,-0.26793828535196934,True,False,False,True,False,False,False,False,False,True,False,False,False,0,2,1,0
-1.0095331098499722,-0.5962192925876781,-0.749397097585112,False,True,False,False,True,False,False,False,False,False,True,False,False,0,1,2,1
-0.07547911101682012,-0.1417279122612887,-0.26793828535196934,False,True,False,True,False,False,False,False,False,True,False,False,False,0,2,1,1
0.6887468880284863,-0.6649055839001625,0.21352052688117332,False,True,True,False,False,False,True,False,False,False,False,False,False,0,0,2,1
-0.9246191099560495,-0.9065036334420853,-0.749397097585112,True,False,False,True,False,False,False,False,False,False,True,False,False,0,0,1,1
-0.07547911101682012,1.2712960408587266,2.139355775813744,False,True,False,True,False,False,False,False,False,False,True,False,False,0,0,2,1
-0.6698771102742807,-0.4386850622640198,-0.749397097585112,False,True,False,True,False,False,True,False,False,False,False,False,False,1,1,2,0
2.7266828854826364,-0.7106964447751521,-0.9901265037016833,True,False,False,True,False,False,False,False,True,False,False,False,False,0,1,3,0
-1.0944471097438953,-0.6655890295848639,-0.749397097585112,False,True,False,True,False,False,False,False,False,False,True,False,False,0,1,2,1
-0.5849631103803576,-0.34197749787878057,-0.26793828535196934,True,False,False,True,False,False,True,False,False,False,False,False,False,1,1,2,1
-0.6698771102742807,0.09337740327597141,0.21352052688117332,False,True,False,True,False,False,False,False,False,True,False,False,False,0,0,2,1
-0.3302211106985889,-0.46158049270151463,-0.26793828535196934,False,True,False,True,False,False,False,False,False,True,False,False,False,0,1,1,1
-0.9246191099560495,-0.5921186184794701,0.21352052688117332,False,True,False,False,True,False,False,False,False,False,True,False,False,0,0,1,1
-0.5000491104864347,-0.8870254314280972,-1.2308559098182548,True,False,False,True,False,False,False,False,False,False,True,False,False,0,2,2,0
-1.0095331098499722,-0.5897265585830154,0.21352052688117332,True,False,False,False,True,False,False,False,False,False,True,False,False,1,1,2,0
0.09434888877102575,-0.6515783930484864,-0.749397097585112,False,True,False,True,False,False,True,False,False,False,False,False,False,0,0,2,1
-0.3302211106985889,1.1889408358522153,2.139355775813744,True,False,False,True,False,False,False,False,False,False,True,False,False,0,0,2,1
-1.0095331098499722,-0.015290460591541254,0.21352052688117332,True,False,False,False,True,False,False,False,False,True,False,False,False,0,0,1,1
-1.0944471097438953,-0.8449935218189649,-0.5086676914685406,True,False,False,True,False,True,False,False,False,False,False,False,False,0,0,1,0
-0.6698771102742807,-0.7506780173301804,-0.9901265037016833,False,True,False,True,False,False,False,False,False,False,True,False,False,0,1,1,0
-0.6698771102742807,-0.11917420466614455,-0.749397097585112,True,False,False,True,False,False,False,False,False,False,True,False,False,0,1,2,0
-0.6698771102742807,-0.1567637173247181,1.1764381513474587,False,True,False,True,False,False,True,False,False,False,False,False,False,0,1,2,1
-0.41513511059251185,-0.7595628112312978,-0.26793828535196934,False,True,False,True,False,False,True,False,False,False,False,False,False,0,1,2,1
1.1982308873920238,-0.052879973250114815,-0.749397097585112,False,True,False,True,False,False,True,False,False,False,False,False,False,0,1,1,0
-0.16039311091074304,-0.3057548765896097,1.1764381513474587,False,True,False,False,True,False,False,False,False,False,False,True,False,0,1,1,1
-1.264275109531741,-0.4236492572005904,-0.26793828535196934,True,False,False,False,True,False,False,False,False,True,False,False,False,0,0,2,1
0.09434888877102575,-0.16393989701408215,-0.9901265037016833,False,True,False,False,True,False,True,False,False,False,False,False,False,0,0,2,0
-1.1793611096378183,-0.6799413889635919,-0.749397097585112,False,True,False,True,False,False,False,False,False,True,False,False,False,0,0,1,0
1.028402887604178,-0.70454543361284,-0.26793828535196934,False,True,False,True,False,False,False,True,False,False,False,False,False,0,0,1,1
2.132284886225176,-0.352912628834002,-0.749397097585112,False,True,False,True,False,False,False,False,False,True,False,False,False,0,0,2,1
1.9624568864373302,-0.9888588384485965,-0.749397097585112,True,False,False,True,False,False,False,False,False,False,True,False,False,0,0,1,0
-1.264275109531741,-0.19161944724448632,0.21352052688117332,True,False,False,False,True,False,True,False,False,False,False,False,False,0,1,1,1
-0.24530711080466597,-0.8022781665251314,-1.2308559098182548,True,False,False,True,False,False,True,False,False,False,False,False,False,1,1,1,1
-1.0095331098499722,-0.6276577940839396,0.21352052688117332,True,False,False,False,True,False,True,False,False,False,False,False,False,0,0,2,1
0.09434888877102575,0.32882444165558217,0.21352052688117332,False,True,False,True,False,True,False,False,False,False,False,False,False,0,1,1,1
0.8585748878163321,-0.32454963291889644,-1.1506127744460641,True,False,False,True,False,False,False,False,False,False,True,False,False,0,1,2,0
-0.41513511059251185,-0.80672056347569,-0.9901265037016833,True,False,False,True,False,False,False,False,False,True,False,False,False,0,1,2,1
-0.07547911101682012,-0.4926772713554255,0.21352052688117332,True,False,True,False,False,False,False,False,True,False,False,False,False,0,1,1,1
-1.0095331098499722,-0.6847255087565013,-0.9098833683294929,True,False,False,True,False,False,False,False,False,True,False,False,False,0,2,2,0
-1.0944471097438953,-0.15402993458591277,0.21352052688117332,False,True,False,True,False,False,False,False,False,True,False,False,False,2,0,2,0
1.2831448872859468,-0.20768042083496774,1.1764381513474587,True,False,True,False,False,False,False,False,False,False,True,False,False,1,1,2,1
-1.0944471097438953,-0.8672055065717584,-0.749397097585112,True,False,False,True,False,False,False,True,False,False,False,False,False,1,0,2,1
1.113316887498101,-0.6966858082387747,-0.9098833683294929,True,False,True,False,False,False,True,False,False,False,False,False,False,1,2,1,1
-0.5000491104864347,0.026741449017591002,-0.027208879235398015,True,False,False,True,False,False,False,False,False,False,True,False,False,3,0,2,0
-1.0944471097438953,0.1207152306640249,0.21352052688117332,True,False,False,False,True,False,True,False,False,False,False,False,False,0,0,2,0
0.17926288866494866,0.13575103572745434,-1.2308559098182548,False,True,False,False,True,False,True,False,False,False,False,False,False,0,0,2,0
-1.1793611096378183,0.05544616777504718,0.694979339114316,True,False,False,False,True,False,False,False,False,True,False,False,False,1,1,2,1
-0.6698771102742807,0.1275496875110383,-0.027208879235398015,False,True,False,True,False,True,False,False,False,False,False,False,False,0,1,2,0
-1.0944471097438953,-0.4855010916660614,-0.749397097585112,True,False,False,False,True,False,False,False,False,True,False,False,False,0,0,2,0
2.556854885694791,-0.23194274264186523,-0.26793828535196934,False,True,True,False,False,False,False,False,False,False,True,False,False,0,0,2,1
0.5189188882406404,-0.3973365983395889,-1.2308559098182548,False,True,False,True,False,False,False,False,False,True,False,False,False,0,2,2,0
-0.5000491104864347,-0.629366408295693,-0.9901265037016833,False,True,False,True,False,False,True,False,False,False,False,False,False,1,1,2,1
-0.5849631103803576,0.13028347024984363,0.21352052688117332,True,False,False,True,False,False,False,False,False,False,True,False,False,0,0,2,0
0.7736608879224092,-0.5897265585830154,-0.26793828535196934,False,True,False,True,False,False,False,False,False,True,False,False,False,0,0,2,1
-0.8397051100621264,-0.6573876813684478,0.21352052688117332,True,False,False,True,False,False,True,False,False,False,False,False,False,0,1,1,1
-0.7547911101682035,0.3729066883188184,1.6578969635806013,False,True,False,True,False,False,False,False,False,False,True,False,False,0,0,2,1
-0.6698771102742807,-0.8641300009906023,-0.26793828535196934,True,False,False,True,False,False,False,False,True,False,False,False,False,0,0,0,1
0.2641768885588716,-0.6734486549589292,-0.5086676914685406,False,True,False,True,False,False,False,False,False,False,False,True,False,0,1,1,0
-0.24530711080466597,-0.47798318913434673,-0.26793828535196934,False,True,False,True,False,False,False,False,False,False,True,False,False,0,0,3,0
-0.24530711080466597,0.44569365373951086,0.694979339114316,False,True,False,True,False,False,False,False,False,True,False,False,False,0,0,2,0
0.2641768885588716,-0.7968106010475207,0.21352052688117332,False,True,True,False,False,False,True,False,False,False,False,False,False,0,2,2,1
0.43400488834671747,-0.8866837085857465,-0.749397097585112,False,True,False,False,True,False,False,False,True,False,False,False,False,0,0,1,1
1.2831448872859468,1.4342978366599954,2.139355775813744,False,True,True,False,False,False,False,False,True,False,False,False,False,0,0,3,0
0.17926288866494866,-0.46363082975561865,-0.749397097585112,False,True,False,True,False,False,False,False,False,True,False,False,False,0,1,1,1
0.8585748878163321,-0.33343442682001384,0.21352052688117332,False,True,False,True,False,False,True,False,False,False,False,False,False,0,0,2,1
0.6038328881345634,1.6427487704939032,1.1764381513474587,False,True,False,True,False,False,True,False,False,False,False,False,False,1,1,3,1
-1.0944471097438953,0.23724271990560294,-0.5889108268407311,False,True,True,False,False,False,True,False,False,False,False,False,False,0,0,2,0
0.5189188882406404,-0.8169722487462101,-0.749397097585112,False,True,False,True,False,False,True,False,False,False,False,False,False,0,1,1,1
-0.5849631103803576,0.3219899848085688,0.694979339114316,True,False,False,True,False,True,False,False,False,False,False,False,False,0,1,2,0
0.5189188882406404,1.0532768674389998,-0.26793828535196934,False,True,False,True,False,False,False,False,False,True,False,False,False,0,1,2,0
-1.0095331098499722,-0.6772076062247866,-0.749397097585112,False,True,False,False,True,False,False,False,False,False,True,False,False,0,2,2,0
0.009434888877102816,-0.7616131482854017,-1.2308559098182548,False,True,False,True,False,False,False,False,False,True,False,False,False,0,1,3,0
1.2831448872859468,-0.7626383168124538,-1.2308559098182548,True,False,False,True,False,False,False,False,True,False,False,False,False,0,2,1,0
-0.07547911101682012,0.07424092410433396,0.694979339114316,False,True,False,True,False,False,False,False,False,True,False,False,False,3,1,2,0
0.6887468880284863,0.5345415927506847,-0.749397097585112,False,True,False,False,True,False,True,False,False,False,False,False,False,0,0,2,1
1.028402887604178,-0.08944431738163637,0.694979339114316,False,True,False,True,False,False,False,False,False,False,True,False,False,0,2,2,0
-0.9246191099560495,0.7915171701983876,4.065191024746315,False,True,False,True,False,False,False,False,False,False,True,False,False,1,1,2,1
2.471940885800868,-0.3057548765896097,0.21352052688117332,False,True,False,False,True,False,False,False,False,False,True,False,False,0,0,1,0
-0.3302211106985889,2.247939924296938,1.1764381513474587,False,True,False,True,False,True,False,False,False,False,False,False,False,1,1,1,0
-0.41513511059251185,-0.14241135794599002,1.1764381513474587,False,True,True,False,False,False,True,False,False,False,False,False,False,1,1,2,0
-0.3302211106985889,0.1272079646686876,-0.749397097585112,False,True,False,True,False,False,True,False,False,False,False,False,False,3,0,2,0
-0.8397051100621264,-0.7872423614617019,-0.5086676914685406,False,True,False,True,False,False,False,False,False,True,False,False,False,0,0,2,0
-0.8397051100621264,-0.2213493345289945,-0.5086676914685406,True,False,False,True,False,False,False,False,False,False,False,True,False,1,1,1,0
-0.5000491104864347,-0.13079278130606728,0.21352052688117332,False,True,False,True,False,False,False,False,False,False,True,False,False,1,1,2,0
-0.5000491104864347,-0.7435018376408163,-0.749397097585112,False,True,False,True,False,False,False,False,False,False,True,False,False,0,1,2,0
0.43400488834671747,-0.46944011807558,-0.5086676914685406,False,True,False,False,True,False,False,False,True,False,False,False,False,0,2,3,0
0.9434888877102551,1.0430251821684797,2.139355775813744,False,True,True,False,False,False,True,False,False,False,False,False,False,0,0,2,1
1.028402887604178,-0.6498697788367331,0.21352052688117332,True,False,True,False,False,False,False,False,False,False,True,False,False,1,2,2,0
0.5189188882406404,-0.2650898583498801,0.694979339114316,False,True,False,True,False,True,False,False,False,False,False,False,False,1,1,2,0
-0.24530711080466597,-0.25654678729111335,0.45424993299774463,True,False,False,True,False,True,False,False,False,False,False,False,False,0,1,2,0
-0.9246191099560495,1.1212797130667829,2.139355775813744,False,True,False,True,False,False,True,False,False,False,False,False,False,1,1,2,1
-0.8397051100621264,-0.10584701381446847,-0.749397097585112,True,False,False,False,True,False,False,False,False,True,False,False,False,0,1,2,1
-0.8397051100621264,-0.7083043848786974,-0.9901265037016833,True,False,False,True,False,False,False,False,False,False,True,False,False,0,1,2,0
0.17926288866494866,-0.39665315265488754,-0.9901265037016833,False,True,False,True,False,False,False,False,False,False,True,False,False,0,1,1,0
0.009434888877102816,-0.7110381676175028,-1.2308559098182548,True,False,True,False,False,False,False,False,True,False,False,False,False,0,0,2,1
-0.8397051100621264,-0.731541538158543,-0.9901265037016833,False,True,False,True,False,False,False,False,False,False,True,False,False,0,0,1,0
-0.6698771102742807,3.672924176899226,3.1022734002800294,False,True,False,True,False,False,True,False,False,False,False,False,False,0,1,3,1
-0.3302211106985889,0.9804899020183074,-0.10745201460758846,False,True,False,True,False,False,True,False,False,False,False,False,False,1,1,2,0
-0.07547911101682012,-0.6635386925307598,-0.9901265037016833,False,True,False,True,False,False,False,False,False,False,True,False,False,0,2,3,1
-0.9246191099560495,-0.9724561420157644,-1.2308559098182548,True,False,False,False,True,False,False,False,True,False,False,False,False,3,1,2,1
-0.9246191099560495,-0.7007864823469827,-0.749397097585112,True,False,False,True,False,False,True,False,False,False,False,False,False,0,0,1,1
2.641768885588714,-0.8504610872965757,-0.9901265037016833,True,False,False,True,False,False,False,False,False,False,True,False,False,2,1,1,0
-0.8397051100621264,-0.4772997434496454,-0.26793828535196934,True,False,False,False,True,False,False,False,False,False,True,False,False,0,0,2,1
2.047370886331253,1.0720716237682866,2.139355775813744,True,False,False,False,True,True,False,False,False,False,False,False,False,0,1,2,1
0.09434888877102575,-0.6847255087565013,0.21352052688117332,False,True,False,True,False,True,False,False,False,False,False,False,False,3,2,2,0
-0.16039311091074304,1.0676292268177279,0.21352052688117332,False,True,False,True,False,False,False,False,False,False,True,False,False,0,1,2,0
-1.1793611096378183,-0.4414188450028252,0.21352052688117332,False,True,False,False,True,False,False,False,False,False,True,False,False,0,0,1,1
0.7736608879224092,-0.8607127725670957,-1.0703696390738737,True,False,False,True,False,False,False,False,False,False,True,False,False,0,1,1,0
-1.0095331098499722,2.8298939248201265,0.21352052688117332,True,False,False,False,True,False,True,False,False,False,False,False,False,0,1,3,1
0.009434888877102816,0.3763239167423251,-0.26793828535196934,False,True,False,True,False,False,True,False,False,False,False,False,False,1,0,1,0
-0.7547911101682035,0.3421516325072582,0.694979339114316,True,False,False,False,True,True,False,False,False,False,False,False,False,1,1,1,1
-0.24530711080466597,-0.32591652428829915,0.21352052688117332,False,True,False,True,False,False,True,False,False,False,False,False,False,1,0,2,0
-1.0095331098499722,-0.7622965939701031,-0.9098833683294929,False,True,False,True,False,False,False,False,False,False,True,False,False,0,1,1,0
-1.0944471097438953,-0.2719243151968935,0.21352052688117332,False,True,False,True,False,False,False,False,False,True,False,False,False,2,0,2,0
-0.5849631103803576,-0.5063461850494522,-0.6691539622129216,False,True,False,True,False,True,False,False,False,False,False,False,False,0,0,1,0
-1.0095331098499722,-0.26235607561107477,-0.5086676914685406,True,False,False,False,True,False,True,False,False,False,False,False,False,0,0,2,0
0.17926288866494866,-0.685067231598852,-0.749397097585112,True,False,False,True,False,False,True,False,False,False,False,False,False,0,0,1,1
1.1982308873920238,-0.9741647562275177,-1.2308559098182548,True,False,False,True,False,False,False,False,False,True,False,False,False,0,0,2,0
-1.0095331098499722,-0.7869006386193512,-0.26793828535196934,True,False,False,True,False,False,True,False,False,False,False,False,False,0,0,1,1
-1.0095331098499722,-0.8330332223366915,-0.749397097585112,True,False,False,False,True,True,False,False,False,False,False,False,False,1,1,1,0
3.321080884740097,-0.6765241605400852,-1.2308559098182548,False,True,False,True,False,False,True,False,False,False,False,False,False,0,2,0,0
0.009434888877102816,-0.8842916486892919,-0.749397097585112,False,True,False,True,False,False,True,False,False,False,False,False,False,0,0,2,1
-0.9246191099560495,-0.39460281560078353,-0.26793828535196934,True,False,False,False,True,False,False,False,False,True,False,False,False,0,0,2,1
-0.9246191099560495,-0.36384775978922335,-0.749397097585112,False,True,False,True,False,False,False,False,False,False,True,False,False,0,0,1,0
0.43400488834671747,-0.7257322498385815,-0.749397097585112,False,True,False,True,False,False,False,False,False,False,True,False,False,0,1,1,0
-0.3302211106985889,-0.058347538727725516,0.694979339114316,False,True,False,True,False,False,False,False,False,True,False,False,False,0,0,1,1
-0.5849631103803576,0.11558938802876487,-0.749397097585112,False,True,False,False,True,False,False,False,False,True,False,False,False,0,1,2,0
-0.8397051100621264,1.6355725908045393,1.1764381513474587,True,False,False,True,False,False,False,False,True,False,False,False,False,0,0,3,1
2.641768885588714,-0.6146723260746142,-0.749397097585112,False,True,True,False,False,False,True,False,False,False,False,False,False,2,2,0,0
-0.8397051100621264,0.07868332105489265,-0.26793828535196934,True,False,False,True,False,False,False,False,False,False,True,False,False,0,0,2,0
2.7266828854826364,0.2027287128281854,-0.26793828535196934,True,False,False,True,False,False,False,False,False,False,False,True,False,0,1,2,0
-0.8397051100621264,0.5652966485622449,1.41716755746403,False,True,False,True,False,False,False,False,False,False,True,False,False,0,1,2,1
-0.3302211106985889,-0.638592925039161,-0.749397097585112,False,True,False,True,False,False,False,False,True,False,False,False,False,0,1,1,0
-1.0095331098499722,-0.8347418365484449,-0.749397097585112,True,False,False,True,False,False,True,False,False,False,False,False,False,1,1,1,1
0.009434888877102816,-0.45713809575095593,-0.26793828535196934,False,True,False,True,False,True,False,False,False,False,False,False,False,3,1,1,0
1.2831448872859468,1.0064608380369582,2.139355775813744,False,True,True,False,False,False,False,False,True,False,False,False,False,0,1,2,1
-0.6698771102742807,0.9292314756657071,1.4974106928362205,False,True,False,True,False,False,False,False,True,False,False,False,False,0,0,2,1
0.3490908884527945,-0.7144553960410095,-0.027208879235398015,True,False,False,True,False,True,False,False,False,False,False,False,False,0,1,2,1
1.3680588871798698,-0.13215967267546996,0.21352052688117332,False,True,True,False,False,False,False,False,False,True,False,False,False,0,2,2,0
1.113316887498101,-0.5070296307341535,-0.26793828535196934,True,False,False,False,True,False,False,False,False,False,True,False,False,0,1,1,0
-0.9246191099560495,0.3394178497684529,-0.10745201460758846,True,False,False,True,False,False,False,False,False,True,False,False,False,0,0,2,0
-0.9246191099560495,2.0476903386794456,1.1764381513474587,False,True,False,True,False,False,True,False,False,False,False,False,False,0,0,2,1
-0.7547911101682035,-0.9188056557667094,-1.2308559098182548,False,True,False,True,False,False,False,False,False,False,True,False,False,0,1,1,0
1.7077148867555614,2.0517910127876537,1.6578969635806013,False,True,True,False,False,False,True,False,False,False,False,False,False,0,1,3,0
-0.7547911101682035,-0.5128389190541149,-0.5086676914685406,True,False,False,False,True,False,True,False,False,False,False,False,False,0,1,0,1
-0.7547911101682035,-0.8104795147415474,-1.0703696390738737,False,True,False,True,False,True,False,False,False,False,False,False,False,0,1,2,0
-0.5849631103803576,-0.9550282770558802,-1.2308559098182548,False,True,False,True,False,False,False,False,False,False,True,False,False,0,1,1,0
-0.9246191099560495,2.170027116240985,1.1764381513474587,False,True,False,True,False,False,True,False,False,False,False,False,False,0,0,2,1
1.6228008868616384,-0.07782574074171363,2.139355775813744,False,True,False,True,False,False,False,True,False,False,False,False,False,0,0,2,1
0.9434888877102551,0.22289036052687486,2.139355775813744,False,True,True,False,False,False,True,False,False,False,False,False,False,0,0,2,1
1.6228008868616384,1.4192620315965658,1.1764381513474587,True,False,False,False,True,False,True,False,False,False,False,False,False,0,1,2,0
0.6887468880284863,4.29827697840095,1.1764381513474587,False,True,False,True,False,False,False,False,False,False,False,False,True,0,0,3,0
-0.7547911101682035,-0.6608049097919545,-0.26793828535196934,False,True,False,True,False,False,False,False,False,False,True,False,False,0,0,2,1
-0.9246191099560495,-0.08978604022398703,-0.749397097585112,False,True,False,True,False,False,False,False,False,False,True,False,False,0,2,2,0
0.5189188882406404,-0.19366978429859033,1.1764381513474587,False,True,False,True,False,False,False,False,False,True,False,False,False,0,0,2,1
1.028402887604178,-0.8706227349952651,-1.0703696390738737,False,True,False,True,False,False,True,False,False,False,False,False,False,0,0,1,0
-0.41513511059251185,-0.5729821393078326,-0.027208879235398015,False,True,False,True,False,False,True,False,False,False,False,False,False,0,0,2,0
-0.16039311091074304,0.23485066000914825,-0.26793828535196934,True,False,False,False,True,False,True,False,False,False,False,False,False,0,0,2,1
-1.0095331098499722,-0.7048871564551907,-0.26793828535196934,True,False,False,False,True,False,True,False,False,False,False,False,False,0,0,2,1
-0.5000491104864347,2.917374972461898,1.8986263696971726,False,True,False,False,True,True,False,False,False,False,False,False,False,0,0,2,1
-0.8397051100621264,-0.3252330786035978,-0.5086676914685406,True,False,False,True,False,False,False,False,False,False,True,False,False,0,2,1,1
1.113316887498101,-0.7506780173301804,-0.749397097585112,False,True,False,True,False,False,True,False,False,False,False,False,False,0,0,2,1
2.387026885906945,-0.10994768792267649,0.21352052688117332,False,True,False,True,False,False,True,False,False,False,False,False,False,0,0,2,0
-0.5000491104864347,0.6493604677805095,1.1764381513474587,False,True,False,True,False,False,False,False,False,True,False,False,False,0,0,2,1
2.047370886331253,-0.6543121757872918,-0.9901265037016833,False,True,False,True,False,False,False,False,False,False,True,False,False,0,0,2,0
1.8775428865434072,-0.8781406375269798,-0.749397097585112,False,True,False,True,False,False,False,False,False,False,True,False,False,0,0,1,1
-0.16039311091074304,-0.35667158009985933,-0.10745201460758846,False,True,False,False,True,False,True,False,False,False,False,False,False,0,0,2,1
-0.24530711080466597,-0.6276577940839396,-0.26793828535196934,False,True,True,False,False,False,True,False,False,False,False,False,False,0,0,1,1
-0.5000491104864347,0.23245860011269356,-0.5086676914685406,True,False,False,True,False,False,True,False,False,False,False,False,False,0,0,2,1
0.009434888877102816,-0.2869601202603229,0.21352052688117332,True,False,False,True,False,False,False,False,False,False,True,False,False,0,0,2,1
-0.6698771102742807,-0.3040462623778563,-0.26793828535196934,True,False,False,True,False,False,False,False,False,False,True,False,False,0,0,2,0
-0.9246191099560495,-0.8976188395409679,-0.749397097585112,True,False,False,False,True,False,False,False,False,True,False,False,False,0,0,2,0
0.9434888877102551,-0.6614883554766559,-1.2308559098182548,False,True,False,True,False,False,True,False,False,False,False,False,False,0,2,2,0
-0.7547911101682035,-0.6481611646249797,0.21352052688117332,False,True,False,True,False,True,False,False,False,False,False,False,False,1,0,2,0
-0.5000491104864347,0.10636287128529681,-0.749397097585112,False,True,False,True,False,False,False,False,False,True,False,False,False,0,0,1,0
0.43400488834671747,-0.6686645351660199,-0.8296402329573025,True,False,False,True,False,False,True,False,False,False,False,False,False,3,1,2,0
0.09434888877102575,-0.4574798185933066,-0.26793828535196934,False,True,True,False,False,False,False,False,False,False,True,False,False,0,0,3,0
-0.6698771102742807,-0.634492250930953,-0.9901265037016833,False,True,True,False,False,False,True,False,False,False,False,False,False,0,0,3,1
0.6887468880284863,0.2659474386630591,0.21352052688117332,False,True,False,True,False,False,False,False,False,True,False,False,False,0,1,2,1
1.5378868869677156,-0.8487524730848223,-0.749397097585112,True,False,False,True,False,False,False,False,True,False,False,False,False,0,0,2,1
-1.0095331098499722,4.235058252566076,2.139355775813744,False,True,False,True,False,True,False,False,False,False,False,False,False,0,1,2,1
0.6887468880284863,-0.2859349517332709,0.45424993299774463,False,True,False,True,False,True,False,False,False,False,False,False,False,0,0,3,0
0.2641768885588716,-0.3785418420103021,-0.749397097585112,False,True,False,True,False,False,True,False,False,False,False,False,False,0,0,1,0
-0.07547911101682012,0.8615703528802747,1.1764381513474587,False,True,False,True,False,False,True,False,False,False,False,False,False,0,1,2,0
-0.5849631103803576,-0.22989240558776122,-0.027208879235398015,True,False,False,False,True,False,False,False,False,False,True,False,False,0,0,3,0
0.6038328881345634,0.29875283152872334,-0.26793828535196934,False,True,False,True,False,False,False,False,False,True,False,False,False,0,0,2,1
0.6887468880284863,-0.2233996715830985,-0.4284245560963502,False,True,False,False,True,False,True,False,False,False,False,False,False,0,0,2,1
-1.264275109531741,-0.7421349462714136,-0.749397097585112,False,True,False,False,True,False,False,False,False,False,True,False,False,0,0,3,0
-0.8397051100621264,0.4979772486191632,0.21352052688117332,True,False,False,True,False,False,False,False,False,True,False,False,False,0,1,1,1
-0.3302211106985889,-0.04023622808314007,0.21352052688117332,False,True,False,False,True,True,False,False,False,False,False,False,False,0,0,2,1
-0.24530711080466597,5.175479514715117,2.139355775813744,True,False,False,True,False,False,False,False,False,False,False,False,True,0,1,3,1
2.8115968853765594,3.9698813269019575,-1.2308559098182548,False,True,False,True,False,False,True,False,False,False,False,False,False,0,0,3,1
-0.16039311091074304,-0.3142979476483764,0.21352052688117332,False,True,False,True,False,False,False,False,False,True,False,False,False,1,0,2,1
0.3490908884527945,0.022640774909382974,0.21352052688117332,False,True,False,False,True,False,False,False,False,True,False,False,False,0,0,3,1
-1.0944471097438953,-0.6536287301025905,-0.9901265037016833,True,False,False,False,True,False,False,False,False,False,True,False,False,0,0,2,1
-0.41513511059251185,-0.43629300236756513,-0.749397097585112,False,True,False,False,True,False,True,False,False,False,False,False,False,0,1,2,0
1.7077148867555614,1.2278972398801915,0.21352052688117332,False,True,False,True,False,False,False,False,False,True,False,False,False,0,0,2,1
0.9434888877102551,-0.8822413116351878,-0.749397097585112,False,True,False,True,False,False,True,False,False,False,False,False,False,0,0,2,1
-1.1793611096378183,-0.7619548711277524,-0.26793828535196934,True,False,False,False,True,False,False,False,False,True,False,False,False,0,0,2,0
0.3490908884527945,2.3982979749312316,2.139355775813744,False,True,True,False,False,False,True,False,False,False,False,False,False,0,0,2,1
0.6887468880284863,-0.6611466326343052,-0.749397097585112,False,True,False,True,False,False,True,False,False,False,False,False,False,0,0,1,0
-0.9246191099560495,-0.5234323271669856,0.21352052688117332,False,True,False,True,False,False,False,False,False,True,False,False,False,0,0,1,0
-1.0944471097438953,-0.5497449860279872,-0.9901265037016833,True,False,False,True,False,False,False,False,False,False,True,False,False,0,1,2,1
-1.0095331098499722,-0.6085213149123022,-0.749397097585112,True,False,False,True,False,False,False,False,False,False,True,False,False,0,0,2,0
-0.41513511059251185,-0.4646559982826706,0.694979339114316,False,True,False,True,False,False,False,False,False,False,True,False,False,1,1,3,1
-0.5849631103803576,-0.8658386152023557,-0.9901265037016833,True,False,False,True,False,False,False,False,False,False,True,False,False,0,2,1,1
-0.41513511059251185,-0.41544790898417433,-1.2308559098182548,False,True,False,False,True,False,False,False,False,False,True,False,False,0,1,3,0
0.6038328881345634,1.0283310999474011,3.1022734002800294,False,True,True,False,False,False,False,False,True,False,False,False,False,0,1,2,1
0.9434888877102551,-0.4899434886166201,-0.5086676914685406,True,False,False,False,True,False,False,False,False,True,False,False,False,0,0,2,0
-0.41513511059251185,1.7356973836132852,2.139355775813744,True,False,False,True,False,False,True,False,False,False,False,False,False,2,1,2,0
-0.41513511059251185,0.02400766627878565,0.21352052688117332,False,True,True,False,False,False,False,False,False,True,False,False,False,2,0,2,1
0.43400488834671747,0.10636287128529681,-0.26793828535196934,False,True,False,True,False,True,False,False,False,False,False,False,False,0,1,0,0
-0.9246191099560495,-0.3874266359114195,1.1764381513474587,False,True,False,True,False,True,False,False,False,False,False,False,False,0,0,2,1
-0.5849631103803576,0.28508391783469655,0.21352052688117332,True,False,False,False,True,False,True,False,False,False,False,False,False,2,1,2,1
-0.5000491104864347,-0.47354079218378803,-0.749397097585112,True,False,False,True,False,False,True,False,False,False,False,False,False,0,0,2,0
1.8775428865434072,-0.6997613138199307,0.21352052688117332,True,False,False,False,True,False,False,False,False,False,True,False,False,3,0,3,0
0.17926288866494866,-0.7260739726809322,-0.9901265037016833,False,True,False,True,False,False,False,False,False,False,True,False,False,0,1,1,0
0.8585748878163321,0.248519573703175,0.534493068369935,False,True,False,True,False,False,True,False,False,False,False,False,False,0,0,1,1
-0.41513511059251185,-0.07167472957940159,0.21352052688117332,False,True,True,False,False,False,False,False,False,True,False,False,False,1,1,2,0
1.028402887604178,-0.3163482847024804,-0.027208879235398015,False,True,False,True,False,False,True,False,False,False,False,False,False,0,1,2,0
-1.0944471097438953,-0.9652799623264003,-1.2308559098182548,False,True,False,True,False,False,False,False,False,False,False,True,False,0,1,1,0
-1.0095331098499722,-0.2592805700299187,0.45424993299774463,False,True,False,True,False,False,False,False,False,False,True,False,False,2,1,1,1
0.43400488834671747,0.2256241432656802,-0.8296402329573025,False,True,False,True,False,False,True,False,False,False,False,False,False,0,0,1,0
-1.0944471097438953,-0.6030537494346915,-0.5086676914685406,False,True,False,True,False,False,False,False,False,False,False,True,False,1,1,2,0
-0.5000491104864347,-0.7127467818292561,0.21352052688117332,True,False,False,False,True,False,True,False,False,False,False,False,False,0,0,0,1
0.09434888877102575,1.3731294478792258,3.1022734002800294,False,True,False,False,True,True,False,False,False,False,False,False,False,0,0,2,1
1.8775428865434072,-0.6905347970764627,0.21352052688117332,True,False,False,True,False,False,False,False,False,False,True,False,False,2,2,1,0
2.471940885800868,-0.8631048324635504,-1.2308559098182548,True,False,False,True,False,False,False,False,False,False,True,False,False,0,1,2,0
-0.8397051100621264,-0.6884844600223586,-0.5086676914685406,False,True,False,False,True,False,True,False,False,False,False,False,False,1,1,2,1
1.1982308873920238,1.745265623199104,0.694979339114316,False,True,False,True,False,False,False,False,False,True,False,False,False,0,1,2,1
-0.5849631103803576,-0.12156626456259922,-0.027208879235398015,True,False,False,True,False,False,True,False,False,False,False,False,False,1,2,3,0
-0.7547911101682035,1.691615136950049,1.1764381513474587,False,True,False,True,False,False,True,False,False,False,False,False,False,0,0,2,1
-0.8397051100621264,-0.6307332996650956,-0.5086676914685406,True,False,False,False,True,False,False,False,False,True,False,False,False,0,0,2,0
-0.16039311091074304,1.0286728227897517,1.6578969635806013,False,True,False,True,False,True,False,False,False,False,False,False,False,0,2,2,0
-0.5000491104864347,1.1277724470714456,0.21352052688117332,False,True,True,False,False,False,True,False,False,False,False,False,False,0,0,3,0
1.113316887498101,-0.5247992185363883,0.21352052688117332,False,True,False,True,False,False,False,False,False,False,True,False,False,0,1,1,0
-0.41513511059251185,0.23245860011269356,1.1764381513474587,False,True,False,True,False,False,False,False,False,True,False,False,False,0,0,3,0
0.43400488834671747,0.19760287019292536,0.694979339114316,False,True,False,True,False,False,True,False,False,False,False,False,False,0,0,3,0
-1.0095331098499722,-0.4899434886166201,1.8986263696971726,False,True,True,False,False,False,False,False,False,False,True,False,False,0,0,2,1
-0.6698771102742807,0.4433015938430562,1.8986263696971726,False,True,False,True,False,False,True,False,False,False,False,False,False,1,1,2,0
